config,ER,IP,EX,Total,run
Human (Reddit),0.38878080415045396,0.9085603112840467,0.2775616083009079,1.5749027237354087,2
Baseline,1.66,0.04,0.12,1.82,2
RAG,1.16,0.6,0.64,2.4,2
RAG+Memory,1.04,0.52,0.56,2.12,2
RAG+OCEAN,1.08,0.72,0.6,2.4,2
Agentic,1.0,0.72,0.76,2.48,2
