config,ER,IP,EX,Total,run
Human (Reddit),0.38878080415045396,0.9085603112840467,0.2775616083009079,1.5749027237354087,3
Baseline,1.66,0.04,0.12,1.82,3
RAG,1.1,0.68,0.56,2.34,3
RAG+Memory,1.06,0.64,0.64,2.34,3
RAG+OCEAN,1.14,0.48,0.64,2.26,3
Agentic,0.98,0.76,0.64,2.38,3
