config,ER,IP,EX,Total
Human (Reddit),0.38878080415045396,0.9085603112840467,0.2775616083009079,1.5749027237354087
Baseline,1.66,0.12,0.12,1.9
RAG,1.1,0.52,0.48,2.1
RAG+Memory,1.06,0.48,0.6,2.14
RAG+OCEAN,1.06,0.72,0.48,2.26
Agentic,1.06,0.52,0.72,2.3
