config,ER,IP,EX,Total
Human (Reddit),0.38878080415045396,0.9085603112840467,0.2775616083009079,1.5749027237354087
Baseline,1.66,0.04,0.08,1.78
+RAG,1.1,0.76,0.92,2.78
+Memory,0.88,0.24,1.0,2.12
+Memory+OCEAN,0.92,0.12,1.12,2.16
Full SoulMate,0.86,0.0,0.96,1.82
Agentic SoulMate,0.9,0.08,0.92,1.9
