config,ER,IP,EX,Total
Human (Reddit),0.38878080415045396,0.9085603112840467,0.2775616083009079,1.5749027237354087
Baseline,1.66,0.04,0.08,1.78
RAG,1.1,0.6,0.6,2.3
RAG+Memory,1.0,0.6,0.4,2.0
RAG+OCEAN,1.06,0.56,0.6,2.22
Agentic,1.0,0.44,0.8,2.24
