config,ER,IP,EX,Total,run
Human (Reddit),0.38878080415045396,0.9085603112840467,0.2775616083009079,1.5749027237354087,1
Baseline,1.66,0.04,0.12,1.82,1
RAG,1.12,0.44,0.64,2.2,1
RAG+Memory,1.08,0.56,0.6,2.24,1
RAG+OCEAN,1.04,0.6,0.56,2.2,1
Agentic,0.96,0.8,0.64,2.4,1
