config,ER_mean,ER_std,IP_mean,IP_std,EX_mean,EX_std,Total_mean,Total_std
Human (Reddit),0.38878080415045396,0.0,0.9085603112840467,0.0,0.2775616083009079,0.0,1.5749027237354087,0.0
Baseline,1.66,0.0,0.04,0.0,0.12,0.0,1.82,0.0
RAG,1.1266666666666667,0.030550504633038825,0.5733333333333334,0.12220201853215573,0.6133333333333334,0.04618802153517005,2.313333333333333,0.10263202878893768
RAG+Memory,1.06,0.020000000000000018,0.5733333333333334,0.06110100926607786,0.6,0.03999999999999995,2.2333333333333334,0.11015141094572192
RAG+OCEAN,1.0866666666666667,0.05033222956847159,0.6,0.12,0.6,0.039999999999999925,2.2866666666666666,0.10263202878893768
Agentic,0.98,0.020000000000000018,0.7600000000000001,0.040000000000000036,0.68,0.06928203230275509,2.42,0.05291502622129186
