benchmark_mode,config,N,ER,IP,EX,Total,ER_std,IP_std,EX_std,Total_std
overall,Human (Reddit),3084,0.38878080415045396,0.9085603112840467,0.2775616083009079,1.5749027237354087,0.5799246698605037,0.9772325517476877,0.6667116800040226,
overall,Baseline,500,1.668,0.044,0.068,1.78,0.49219967598738207,0.2936604722224151,0.36282127632915107,0.6514974273131026
overall,RAG,500,1.238,0.928,0.08,2.246,0.43558635302530274,0.9984035352694202,0.39231086606320553,1.0390588465400534
overall,RAG+Memory,500,1.24,0.94,0.084,2.264,0.4458672394226568,0.9991980752519367,0.40158004565233585,1.0180259100371727
overall,RAG+OCEAN,500,1.25,0.928,0.072,2.25,0.4425966375461231,0.9984035352694209,0.3729533327063233,1.0244994867723427
overall,Agentic,500,1.268,0.876,0.08,2.224,0.4478584087729258,0.993275991046183,0.39231086606320564,1.0314804427654536
overall,Full pipeline,500,1.258,0.916,0.08,2.254,0.45149051748043356,0.9974637175032839,0.39231086606320564,1.052472991956371
