config,N,ER,IP,EX,Total,ER_std,IP_std,EX_std,Total_std,benchmark_mode
Baseline,500,1.672,0.028,0.068,1.768,0.49081340200852497,0.23521618419363327,0.36282127632915123,0.6379576631406818,clean
RAG,500,1.258,0.932,0.068,2.258,0.44252418613068084,0.9986845054785654,0.3628212763291509,1.0244681889352543,clean
RAG+Memory,500,1.26,0.896,0.068,2.224,0.4436142323847927,0.9955733688007785,0.362821276329151,1.0197567394311404,clean
RAG+OCEAN,500,1.24,0.904,0.088,2.232,0.43678548868552475,0.9963782108607939,0.4106010062977749,1.029707042408846,clean
Agentic,500,1.258,0.848,0.076,2.182,0.4425241861306807,0.9893703590743104,0.382775435559985,1.017322904383641,clean
Full pipeline,500,1.262,0.9,0.084,2.246,0.4446925938286042,0.9959839195167122,0.40158004565233607,1.021553298797752,clean
