config,ER,IP,EX,Total
Human (Reddit),0.38878080415045396,0.9085603112840467,0.2775616083009079,1.5749027237354087
Baseline,1.686,0.07,0.092,1.848
RAG,1.042,0.588,0.764,2.394
RAG+Memory,1.049,0.618,0.722,2.389
RAG+OCEAN,1.032,0.586,0.772,2.39
Agentic,1.044,0.598,0.762,2.404
