config,N,ER,IP,EX,Total,ER_std,IP_std,EX_std,Total_std,benchmark_mode
Baseline,500,1.668,0.032,0.06,1.76,0.4962545083665721,0.2512015215097584,0.34151612924291896,0.6222333555004863,overload
RAG,500,1.262,0.892,0.096,2.25,0.44917648985457415,0.995146538589435,0.42796062973269217,1.0572300936607333,overload
RAG+Memory,500,1.256,0.836,0.048,2.14,0.4721332647031753,0.9874482812868897,0.30640458145248123,1.0346695521587213,overload
RAG+OCEAN,500,1.234,0.916,0.088,2.238,0.44230676067756636,0.9974637175032841,0.4106010062977751,1.0466838558936393,overload
Agentic,500,1.25,0.832,0.044,2.126,0.48162633633939866,0.9867742633924884,0.2936604722224149,1.0139922882948587,overload
Full pipeline,500,1.25,0.856,0.052,2.158,0.48162633633939866,0.9905687522357103,0.31858907388043306,1.0252503482335942,overload
